{
  "seed": 42,
  "chains": 2,
  "draws": 1000,
  "tune": 1000,
  "fit_method": "pymc_marketing",
  "n_obs": 731,
  "channels": [
    "tv_spend",
    "search_spend",
    "social_spend",
    "display_spend",
    "email_sends",
    "ooh_spend"
  ],
  "controls": [
    "is_weekend",
    "is_holiday",
    "temperature_c",
    "promo_pct"
  ],
  "ground_truth": {
    "betas": {
      "tv_spend": 1800.0,
      "search_spend": 4200.0,
      "social_spend": 2500.0,
      "display_spend": 800.0,
      "email_sends": 1000.0,
      "ooh_spend": 1200.0
    },
    "decay": {
      "tv_spend": 0.7,
      "search_spend": 0.3,
      "social_spend": 0.5,
      "display_spend": 0.4,
      "email_sends": 0.1,
      "ooh_spend": 0.6
    },
    "half_sat": {
      "tv_spend": 80000,
      "search_spend": 12000,
      "social_spend": 20000,
      "display_spend": 6000,
      "email_sends": 800000,
      "ooh_spend": 25000
    }
  },
  "saturation_beta": {
    "tv_spend": {
      "mean": 0.16613341928430422,
      "q05": 0.05421043552770049,
      "q95": 0.45535932083563474
    },
    "search_spend": {
      "mean": 0.1070841412699798,
      "q05": 0.050587015864663756,
      "q95": 0.25375133895112983
    },
    "social_spend": {
      "mean": 0.10234823650438074,
      "q05": 0.043984911536532965,
      "q95": 0.21848844591908423
    },
    "display_spend": {
      "mean": 0.0205460780027417,
      "q05": 0.001648173166027645,
      "q95": 0.054533429371057617
    },
    "email_sends": {
      "mean": 0.04579228493151846,
      "q05": 0.011458877017675315,
      "q95": 0.12816435538398757
    },
    "ooh_spend": {
      "mean": 0.01702434413785665,
      "q05": 0.000692368320964291,
      "q95": 0.05412775177962547
    }
  },
  "adstock_alpha": {
    "tv_spend": {
      "mean": 0.6595197944903873,
      "q05": 0.4560402778531661,
      "q95": 0.8132004420829129
    },
    "search_spend": {
      "mean": 0.27649983254231664,
      "q05": 0.10883095682143731,
      "q95": 0.4481482792232306
    },
    "social_spend": {
      "mean": 0.5783832839915577,
      "q05": 0.3433377967416316,
      "q95": 0.7519174579045789
    },
    "display_spend": {
      "mean": 0.3907866773329973,
      "q05": 0.03154615141802131,
      "q95": 0.7877873981610963
    },
    "email_sends": {
      "mean": 0.20892155066351487,
      "q05": 0.020398542709809644,
      "q95": 0.45397111247515853
    },
    "ooh_spend": {
      "mean": 0.36645220410579343,
      "q05": 0.04335004705993079,
      "q95": 0.7215172085984887
    }
  },
  "saturation_lam": {
    "tv_spend": {
      "mean": 1.1611153626858521,
      "q05": 0.26130364289239283,
      "q95": 2.3967900199091354
    },
    "search_spend": {
      "mean": 2.0548621717354867,
      "q05": 0.42524114460121654,
      "q95": 4.1188362790699795
    },
    "social_spend": {
      "mean": 2.4839057140703,
      "q05": 0.4863662508579169,
      "q95": 4.915162482617149
    },
    "display_spend": {
      "mean": 2.9740284775104793,
      "q05": 0.5315814136678811,
      "q95": 6.970575573882977
    },
    "email_sends": {
      "mean": 1.8915472174025547,
      "q05": 0.3329992723958495,
      "q95": 4.276634615654099
    },
    "ooh_spend": {
      "mean": 2.2567949173954123,
      "q05": 0.3867295699086945,
      "q95": 5.444611911067537
    }
  },
  "intercept": {
    "mean": 0.468258006435568,
    "q05": 0.4261081683636637,
    "q95": 0.49996107153515773
  },
  "gamma_control": {
    "is_weekend": {
      "mean": -0.04142790716455446,
      "q05": -0.04578480008266633,
      "q95": -0.03718937696573838
    },
    "is_holiday": {
      "mean": 0.1999843324939297,
      "q05": 0.18911687703043173,
      "q95": 0.21072181595327236
    },
    "temperature_c": {
      "mean": 0.003564155965739943,
      "q05": 0.0027316020907199594,
      "q95": 0.004369254916042565
    },
    "promo_pct": {
      "mean": 0.0017336156452276155,
      "q05": 0.0015634040446557756,
      "q95": 0.0019036824059172448
    }
  },
  "y_sigma": {
    "mean": 0.03263335951593681,
    "q05": 0.0311820820270615,
    "q95": 0.03418884944966917
  },
  "r_squared": 0.9117699209530071,
  "mape": 0.04225624817129264,
  "saturation_kind": "logistic",
  "channel_scales": {
    "tv_spend": 24851.944311309464,
    "search_spend": 3997.9312388568496,
    "social_spend": 7993.280122538872,
    "display_spend": 2499.3441574446533,
    "email_sends": 499431.6201958415,
    "ooh_spend": 7982.058513862884
  },
  "target_scale": 24156.0
}